book_name,parsha_name,dvar_torah_id,passage_id,passage_content,translation,summary,keywords
Kedushat Levi,Vayechi,155,1087,"בפסוק ויברכם ביום ההוא לאמור ישימך אלהים כאפרים וכמנשה וישם את אפרים לפני מנשה (בראשית מח, כ). קודם נבוא לבאר מאמר חכמינו ז""ל במסכת מגילה <small>(טו.)</small> בוא וראה שלא כמדת הקדוש ברוך הוא מדת בשר ודם, בשר ודם שופת את הקדירה ואחר כך נותן לתוכה מים ומדת הקדוש ברוך הוא נותן מים ואחר כך שופת את הקדירה. דכבר פרשנו בפסוק <small>(שמות טו, כו)</small> כל המחלה אשר שמתי במצרים לא אשים עליך כי אני ה' רופאך, דידוע מאמר חכמינו ז""ל <small>(מגילה יג:)</small> השם יתברך מקדים רפואה למכה, וכונתו בהצרה רק בשביל הישועה שישלח אחר כך. וזהו כל המחלה, לשון פעולה, כלומר הפעולה והכוונת החולי אשר שמתי במצרים לא אשים עליך, כי אצלך כוונת כי אני ה' רופאך, רק בשביל הרפואה והישועה שאחר כך. וזהו בצרת איש ישראל חס ושלום החסדים קודם, כי כוונתו בהצרה על החסדים שמקודם רק על ידי החולי האדם נעשה כלי לקבל השפע כדרך בני אדם כשרוצין לעשות מכלי קטן כלי גדול צריכה שבירה כן השם יתברך ברוך הוא רוצה להשפיע להאדם וצריך שיהא ביכולתו שיהיה יותר גדול גלל כן שלח לו צרה או חולי חס ושלום שזהו שבירת הכלי קטן שאחר כך יהיה יותר גדול וזה החולי נקרא קדירה. וזה מאמר חכמינו ז""ל אדם שופת את הקדירה ואחר כך נותן מים לתוכה והקדוש ברוך הוא בתחלה נותן מים, פירוש החסדים דמים מרומז על חסד שכוונתו על חסדים. ואחר כך שופת את הקדירה, פירוש על ידי כוונתו לחסדים מתקן הקדירה, היינו האדם שבא לו הצרה שעל ידי זה יהיה כלי גדול שיהיה ביכולתו לקבל השפע וכוונתו הכל לטובה וקל להבין:","In the verse ""And He blessed them on that day, saying, 'God make you like Ephraim and like Manasseh,' and He put Ephraim before Manasseh"" (Genesis 48:20). Before we come to explain the words of our Sages, may their memory be blessed, in the tractate Megillah (15), ""Come and see that the measure of the Holy One, blessed be He, is not like the measure of flesh and blood. Flesh and blood puts the pot on the fire and then puts water into it, but the measure of the Holy One, blessed be He, puts in the water and then puts the pot on the fire."" For we have already explained in the verse (Exodus 15:26), ""All the sickness that I placed in Egypt I will not place upon you, for I am the Lord your Healer,"" that it is known from the words of our Sages (Megillah 13) that the Holy One, blessed be He, precedes healing to the affliction, and His intention in the affliction is only for the salvation that He will send afterward. And this is ""all the sickness,"" a term of action, meaning the action and intention of the sickness that I placed in Egypt I will not place upon you, for with you the intention is ""for I am the Lord your Healer,"" only for the healing and salvation that will come afterward. And this is in the distress of a Jewish person, God forbid, the kindnesses come first, for His intention in the distress is for the kindnesses that come beforehand, only through the sickness does a person become a vessel to receive the flow, as is the way of people who want to make a small vessel into a large one, it requires breaking. So too, the Holy One, blessed be He, wants to bestow upon the person and it is necessary that he be capable of becoming greater; therefore, He sends him distress or sickness, God forbid, which is the breaking of the small vessel so that afterward it will be greater, and this sickness is called a pot. And this is the saying of our Sages, may their memory be blessed, ""A person puts the pot on the fire and then puts water into it,"" and the Holy One, blessed be He, first puts in the water, meaning the kindnesses, which are alluded to as kindness. And afterward, He puts the pot on the fire, meaning that through His intention for kindness, He repairs the pot, that is, the person who experiences the distress, and through this, he will become a great vessel capable of receiving the flow, and His intention is all for good, and it is easy to understand.","The passage discusses the divine approach to suffering and healing, contrasting it with human behavior. It emphasizes that God precedes affliction with healing, suggesting that hardships serve to prepare individuals to receive greater blessings. The metaphor of cooking illustrates that just as a pot must be broken to become larger, so too must a person undergo trials to expand their capacity for divine abundance. Ultimately, the text conveys that all suffering is purposeful, aimed at facilitating greater spiritual growth and receiving God's kindness.","קדוש ברוך הוא  
חסדים  
רפואה  
מכה  
ישועה  
חולי  
שבירה  
שפע  
כלי  
כוונה"
Kedushat Levi,Vayechi,156,1088,"לפי זה יבואר הפסוק הנ""ל, כי יש בכאן דקדוק למה כתב זאת בברכה וישם את אפרים לפני מנשה, הלא אנו רואין בברכה ששם אפרים לפני מנשה. ולפי חכמינו ז""ל יבואר, שגם זה היה מהברכה שבירך את ישראל. דהנה כתבנו בישראל הישועה והרפואה הוא מקודם והוא העיקר הכוונה בצרת ישראל על הרפואה ועל הישועה שבא אחר כך כדי שיהיה כלי יותר גדול כנ""ל. והנה השם של מנשה רומז על הצרה ככתוב <small>(בראשית מא, נא)</small> ויקרא שמו מנשה כי נשני אלהים. והשם של אפרים מרומז על הישועה כמו שכתוב <small>(שם נב)</small> כי הפרני אלהים וכו'. ובאמת בישראל עם קדוש הישועה הוא מקודם והוא העיקר כנ""ל. וזהו וישם את אפרים, הוא הישועה. לפני מנשה, שמרומז על הצרה. כלומר שבישראל עם קדוש הישועה והרפואה הוא קודם והוא העיקר כנ""ל:","According to this, the aforementioned verse will be explained, for there is a grammatical reason why it states this in the blessing and placed Ephraim before Manasseh. We see in the blessing that Ephraim is indeed placed before Manasseh. According to our sages, may their memory be blessed, it will be explained that this was also part of the blessing that he blessed Israel. Behold, we have written that in Israel, salvation and healing come first, and the main intention is regarding the distress of Israel concerning the healing and the salvation that follows, in order to be a greater vessel, as mentioned above. Now, the name of Manasseh hints at the distress, as it is written (Genesis 41:51) ""And he called his name Manasseh, for God has made me forget."" And the name of Ephraim hints at salvation, as it is written (there 41:52) ""For God has made me fruitful, etc."" And indeed, in Israel, the holy nation, salvation comes first and is the main thing, as mentioned above. And this is ""and he placed Ephraim,"" which is the salvation, ""before Manasseh,"" which hints at the distress. This means that in Israel, the holy nation, salvation and healing come first and are the main thing, as mentioned above.","The passage discusses the significance of the biblical blessing where Ephraim is placed before Manasseh, highlighting the Hasidic understanding that salvation and healing (represented by Ephraim) precede and are more essential than suffering (represented by Manasseh). It emphasizes that the names reflect the spiritual journey of the Jewish people, where the experience of distress ultimately leads to redemption. The text underscores the belief that in the sacred narrative of Israel, the focus is on the ultimate deliverance and healing that follows hardship. Thus, the arrangement of the names symbolizes the primacy of hope and salvation in the Jewish faith.","ברכה  
אפרים  
מנשה  
ישועה  
רפואה  
צרה  
קדוש  
דקדוק  
עיקר  
כוונה"
Kedushat Levi,Vayechi,157,1089,"הקבצו ושמעו בני יעקב ושמעו אל ישראל אביכם (בראשית מט, ב). להבין כפל הלשון, על פי דמבואר בזוהר הקדוש בפסוק מי בכם ירא ה' שומע בקול עבדו, דצדיק שומע תמיד הכרוז שמכריזין עליו למעלה דהוא עבדא דמלכא עיין שם. לכן כשישראל זכאין כשמתקבצין יחד שומעין קול דלעילא שמכריזין הבו יקר לבני יעקב. וזהו שאמר להם יעקב הקבצו ושמעו בני ישראל, פירוש תשמעו קול דלעילא שאומרים עליכם בני יעקב עבדי. והנה קיבוץ ישראל מקרב לב ישראל לעשות תשובה לטהר לב ישראל. וזהו ושמעו אל ישראל אביכם, שתשמעו ותבינו דבר אשר אני מרמז לכם עתה סוד קץ הגאולה:","Gather and listen, sons of Jacob, and listen to Israel your father (Genesis 49:2). To understand the repetition of the phrase, according to what is explained in the Holy Zohar on the verse ""Who among you fears the Lord, hears the voice of His servant,"" that a righteous person always hears the proclamation that is announced above that he is the servant of the King, see there. Therefore, when Israel is worthy, when they gather together, they hear the voice from above that proclaims, ""Bring honor to the sons of Jacob."" This is what Jacob said to them: Gather and listen, sons of Israel, meaning you should hear the voice from above that is saying about you, ""Sons of Jacob, My servants."" And behold, the gathering of Israel is from the depths of the heart of Israel to repent and purify the heart of Israel. This is what is meant by ""and listen to Israel your father,"" that you should hear and understand the matter that I am hinting to you now, the secret of the end of redemption.","The passage emphasizes the importance of unity among the children of Israel, as expressed in Jacob's call to gather and listen. It highlights the concept that when the Jewish people come together in righteousness, they can hear the divine proclamation affirming their identity as servants of God. This gathering is seen as a means to inspire repentance and purify their hearts, ultimately leading to an understanding of the secrets of redemption. Jacob's message serves as a reminder of the spiritual connection and responsibilities that bind the community of Israel.","הקבצו  
שמעו  
בני יעקב  
ישראל  
צדיק  
קול דלעילא  
עבדא דמלכא  
קיבוץ ישראל  
תשובה  
סוד קץ הגאולה"
Kedushat Levi,Vayechi,158,1090,"פחז כמים אל תותר (בראשית מט, ד). הא שעבר יעקב על לא יוכל לבכר, עיין ברמב""ן שכתב שהוא מדה במדה. ולי נראה, שראה גוי וקהל גוים עוד שני שבטים לכן ראה ברוח הקודש שקאי על כרחך על מנשה ואפרים שלא הוליד יעקב אחר כך כמו שכתב רש""י, אבל אם לא היה חלל יצועי אז היה מוליד אחר כך היה קאי על יעקב בעצמו:","""Unstable as water, you shall not excel"" (Genesis 49:4). This refers to the fact that Jacob passed over the inability to bless, as noted by the Ramban, who wrote that it is measure for measure. It seems to me that he saw a nation and a congregation of nations, thus he perceived through the Holy Spirit that it necessarily referred to Manasseh and Ephraim, whom Jacob did not father afterwards, as Rashi wrote. However, if he had not desecrated his bed, he would have fathered afterwards, and it would have referred to Jacob himself.","הפסוק ""פחז כמים אל תותר"" מתייחס למידת הדין והצורך במידת הרחמים, כפי שמבאר הרמב""ן. יעקב ראה ברוח הקודש את עתיד השבטים מנשה ואפרים, והבין כי לא יוכל להוליד שבטים נוספים לאחריהם. המילים מצביעות על כך שהמציאות הרוחנית והגשמית של יעקב הייתה תלויה במעשיו ובבחירותיו, וההבנה הזו מדגישה את הקשר בין האדם לרוחניות ולגזירת ה' על חייו.","פחז  
מים  
לא יוכל  
מדה  
רוח הקודש  
שבטים  
גוי  
קהל  
חלל  
יצועי"
Kedushat Levi,Vayechi,159,1091,"יהודה אתה יודוך אחיך (בראשית מט, ח). עיין תפלת אליהו לית מחשבה תפיסה בך כלל. ולכאורה איך אנו אומרים בכל הברכות ברוך אתה בלשון נוכח הנה מבואר במשנת חסידים, כי מדת מלכות הוא המושג לנשמת ישראל בכח מצות ומעשים טובים שעושים ישראל ונמצא מוטל עלינו לעבדו ביראה ופחד כדי שיתגלה עלינו מלכותו יתברך וזהו יהודה, הוא מדת מלכות המושג לנשמת ישראל. וזה אתה, בלשון נוכח יודוך אחיך:","Judah, you shall be praised by your brothers (Genesis 49:8). Refer to the Prayer of Elijah; there is no thought that can grasp You at all. And seemingly, how do we say in all the blessings ""Blessed are You"" in the second person? It is explained in the teachings of the Pious that the attribute of Kingship is the concept for the soul of Israel through the power of the commandments and good deeds that the Jewish people perform. Therefore, it is incumbent upon us to serve Him with awe and fear so that His Kingship may be revealed upon us. And this is Judah, the attribute of Kingship that is the concept for the soul of Israel. And this ""You,"" in the second person, shall be praised by your brothers.","The passage discusses the concept of divine kingship as embodied in the figure of Judah, representing the soul of Israel through the performance of commandments and good deeds. It emphasizes the necessity of serving God with reverence and awe to reveal His sovereignty. The phrase ""ברוך אתה"" (Blessed are You) is understood as a direct address to God, highlighting the intimate relationship between the Divine and the Jewish people. Ultimately, it reflects the Hasidic belief in the transformative power of faith and action in achieving a connection with the Divine.","מלכות  
נשמת ישראל  
מצות  
מעשים טובים  
יראה  
פחד  
תפלה  
ברכות  
חסידים  
יהודה"
Kedushat Levi,Vayechi,160,1092,"או יבואר מלת אתה, כי ידוע שכל אדם צריך להתחזק בלבו אמונה זאת שבוודאי אין הקדוש ברוך הוא מואס חס ושלום בשום תפילת עמו ישראל אף שהקדוש ברוך הוא נקרא הגדול הגבור והנורא לו דומיה תהלה אף על פי כן יקר בעיניו דיבורים של עמו ישראל אפילו ממי שהוא חס ושלום בדיוטא תחתונה אף על פי כן מגיע מזה תענוג להבורא יתברך. ואל יחשוב אדם אם כן גדול כל כך מדת טובו של הקדוש ברוך הוא מה לי להתפלל בלב נשבר ונדכה בלא זה גם כן הקדוש ברוך הוא מקבל התפלה, אסור לאדם לחשוב כך, כי ראוי לכל אדם שיחשוב הדברים ההם קודם כל תפלה, דהיינו כמה מלאכים יש לו אשר כל מלאך הוא שליש עולם והם כגרגיר החרדל בפני אופן אחד והאופנים כנ""ל לפני חיה אחת והחיות כנ""ל לפני כסא הכבוד וכולם שואלים איה מקום כבודו, ואתה בן אדם ישמעו אזניך מה שאתה מוציא מפיך כולם אהובים כו' וכולם עושים באימה וביראה רצון קוניהם. מעתה יחרד האיש וילפת בעמדו להתפלל לפני מלך גדול כזה ומהראוי להזדעזע בכל אבריו וכן לאחר התפילה יחשוב בדעתו איך ימלא את לבבי לדבר בפי דברים בטלים ונהנה מהם הלא רגע אחד שדברתי מקודם לפני מלך גדול ונורא ובפרט שעתיד עוד לדבר לפניו והקדוש ברוך הוא מלא כל העולם כולו ואז יכול להיות שתהא תפלתו רצוי לפניו יתברך למלאות משאלותיו לטובה ומזאת התפילה מגיע להבורא ברוך הוא תענוג הוא הגורם שפע בכל העולמות, כי הכל תלוי במעשה תחתונים על ידי תפילתינו ושירות ותשבחות שלנו. ונמצא מזה ניכר גודל טובתו יתברך שאף על פי שהוא מלך גדול כמו שאמרנו למעלה, אף על פי כן יקר בעיניו מאוד דיבורנו הן בעסק התורה הן בעסק התפילה וכמו שיסד הפייט אשר אומץ תהילתך ואבית תהילה וכו' והיא תהלתך. ומזה ניכר גודל אהבתו בנו יתברך. וגם ראה עוד אהבתו שקראנו אחים כנאמר <small>(תהלים קכב, ח)</small> למען אחי ורעי, ונמצא בזה המדה הוא מושג אצלינו ועל זה שייך מלת אתה ובמה יודוך אחיך, כמו שפרשנו:","Or it can be explained the word ""you,"" for it is known that every person needs to strengthen in their heart this faith, that certainly the Holy One, Blessed be He, does not reject, God forbid, any prayer of His people Israel. Even though the Holy One, Blessed be He, is called the great, the mighty, and the awesome, to Him silence is praise, nevertheless, the words of His people Israel are precious in His eyes, even from one who is, God forbid, in the lowest of places. Even so, from this, there is pleasure for the Creator, Blessed be He. And a person should not think, since the measure of His goodness is so great, what does it matter to me to pray with a broken and crushed heart? Without this, too, the Holy One, Blessed be He accepts the prayer; it is forbidden for a person to think this way, for it is fitting for every person to contemplate these matters before every prayer, namely how many angels he has, each angel being a third of a world, and they are like a mustard seed before one of the wheels, and the wheels, as mentioned, before one living creature, and the living creatures before the Throne of Glory, and all of them ask, ""Where is the place of His glory?"" And you, human being, let your ears hear what you are bringing forth from your mouth; all are beloved, etc., and all act with awe and fear, fulfilling the will of their Creator. From now on, the person should tremble and wrap himself in awe when standing to pray before such a great King, and it is fitting to shudder in all his limbs. And also after the prayer, he should think in his mind how he will fill his heart to speak with his mouth words of vanity and take pleasure in them. After all, for one moment I spoke previously before a great and awesome King, especially since I am destined to speak before Him again, and the Holy One, Blessed be He, fills the entire world. And thus, it could be that his prayer will be accepted before Him, Blessed be He, to fulfill his wishes for good. And from this prayer, there comes to the Creator, Blessed be He, pleasure, which causes abundance in all the worlds, for everything depends on the actions of the lower beings through our prayers and our songs and praises. And from this, the greatness of His goodness is evident, that even though He is a great King, as we said above, nevertheless, our speech is very precious in His eyes, whether in the study of Torah or in the service of prayer, as the poet established, ""The strength of Your praise, and I will be praised, etc., and it is Your praise."" And from this, the greatness of His love for us, Blessed be He, is evident. And also, see further His love, that He called us brothers, as it is said (Psalms 122:8), ""For the sake of my brothers and my friends,"" and thus this measure is understood by us, and to this applies the word ""you,"" and how will your brother praise You, as we have explained.","The passage emphasizes the importance of sincere prayer and the belief that God does not reject any prayer from the Jewish people, regardless of their spiritual state. It highlights the profound relationship between God and humanity, illustrating that even the simplest words of prayer are cherished by the Creator. The text encourages individuals to approach prayer with reverence, recognizing the greatness of God while also understanding His deep love and care for His people, as evidenced by their designation as His ""brothers."" Ultimately, it conveys that human prayer and praise have the power to bring divine pleasure and influence the flow of blessings in the world.","אמונה  
תפילה  
קדוש ברוך הוא  
מלך  
חיות  
כסא הכבוד  
אהבה  
דיבור  
שפע  
תענוג"
Kedushat Levi,Vayechi,161,1093,"ובזה נראה לבאר מאמר חכמינו זכרונם לברכה <small>(ברכות יב.)</small> כל הכורע כורע בברוך וכשהוא זוקף זוקף בשם, כי יש שני מיני עבדות. האחד, שיקח לעצמו רמיזא דחכמתא במה שראה בכל יום ויום גדולת הבורא ברוך הוא כאשר הארכנו לעיל עיין שם, ומחמת כן מחזיק עצמו לעבודתו ומחמת גודל התלהבות הגדול הבאה אליו בא יבא בשמחה גדולה כאשר ראינו מכמה בני אדם ומתענג מאוד מחמת השמחה ההוא וכשמרגיש התענוג ההוא אז רוצה תמיד להתלהב לעבודתו יתברך בכדי שיבא לו עוד התענוג ההוא ועיקר כוונתו מחמת התענוג ונמצא בעבודה כזו גורם שפע רב לכל העולמות ולכל נפשות קדושות ולכל רוחות קדושות ולעולם התחתון, ויש עוד סדר העבודה אשר למעלה מזו, דהיינו שעיקר כוונתו הוא רק בכדי שיגיע תענוג להבורא ברוך הוא כביכול לפי שגורם שיתגדל ויתקדש שמו הגדול לעלם ולעלמי עלמיא וזהו העבודה הגדולה וגורם גם כן שפע רב לכל העולמות. וההפרש שבין שני עבודות הנ""ל הוא, עבודה הא' היא מעילא לתתא שעובד את ה' מחמת שמקבל תענוג מן עבדות ה'. ועבודה הב', שהוא כדי שהבורא יתברך יקבל תענוג היא מתתא לעילא והורדת השפע בא מעצמה והוא עיקר כוונתו בכדי לגרום תענוג להבורא ברוך הוא. וזהו פירוש הגמרא כל הכורע וכו'. והנה ענין הכריעה הוא מעילא לתתא כחיזרא, וידוע לכל שצדיק נקרא כל, דהיינו שיש מדריגה תחתונה, דהיינו שעיקר כוונתו בשביל שפע עליונה להורידה לעולם התחתון וזה כורע בברוך, דהיינו שגורם ברכה לעולם וזהו נקרא גם כן עבודת הבורא. אבל גילו לנו חכמינו ז""ל שיש מדריגה למעלה ממנו כמו שאמרנו לעיל וזהו זוקף בשם, שגורם תענוג להבורא ברוך הוא. וזהו ידך בעורף כו' ישתחוו לך בני אביך, דהיינו שאין זה הכח בהכריעה וזקיפה כי אם לישראל לבד ולא באומות כי שם נאמר לפניך ה' אלהינו יכרעו ויפולו, וזהו ידך עורף כו' ישתחוו לך בני אביך:","In this, we can explain the saying of our sages, may their memory be blessed (Berakhot 12): ""Every one who bows, bows with a blessing, and when he straightens up, he straightens up in the name."" For there are two types of servitude. The first is that one takes for himself a hint of wisdom in what he sees every day, the greatness of the Creator, blessed be He, as we have elaborated above, refer there. Because of this, he holds himself to serve Him, and due to the great enthusiasm that comes to him, he comes with great joy, as we have seen from many people, and he delights greatly because of that joy. When he feels that delight, he always wants to be enthusiastic in his service to the Blessed One so that he may receive that delight again. His main intention is because of the delight, and thus, in such service, he causes great abundance for all the worlds, for all holy souls, for all holy spirits, and for the lower world. 

There is another order of service that is above this, namely that his main intention is only to bring delight to the Creator, blessed be He, as it were, for he causes His great name to be magnified and sanctified forever and ever. This is the great service and it also causes great abundance for all the worlds. The difference between the two types of service mentioned is that the first service is from above to below, where one serves the Lord because he receives delight from the service of the Lord. The second service, which is so that the Creator, blessed be He, receives delight, is from below to above, and the outpouring of abundance comes of itself, and this is his main intention to cause delight to the Blessed One. 

This is the explanation of the Gemara: ""Every one who bows, etc."" Now, the matter of bowing is from above to below, like a bow. It is known to all that a righteous person is called ""all,"" meaning that there is a lower level, namely that his main intention is for the upper abundance to be brought down to the lower world, and this bows with a blessing, meaning that he causes a blessing for the world, and this is also called the service of the Creator. But our sages, may their memory be blessed, have revealed to us that there is a level above him, as we said above, and this is ""straightens up in the name,"" which causes delight to the Creator, blessed be He. 

This is ""Your hand at the nape of the neck, etc., your father's sons will bow to you,"" meaning that this power of bowing and straightening is only for Israel and not for the nations, for there it is said, ""Before You, O Lord our God, they will bow and fall,"" and this is ""Your hand at the nape of the neck, etc., your father's sons will bow to you.""","The passage discusses two types of divine service: one motivated by the joy and pleasure derived from serving God, which brings blessings to the world, and a higher form of service aimed solely at bringing pleasure to God Himself, thereby elevating His name. The distinction between these two forms of worship is illustrated through the concepts of ""bending"" and ""standing,"" where the former represents a service that draws down divine blessings, while the latter signifies an intention to uplift and honor God. Ultimately, the text emphasizes that true spiritual elevation lies in serving God for His own sake, which generates profound spiritual abundance for all realms.","עבודת הבורא  
תענוג  
שפע  
ברוך  
הבורא  
כוח  
מדריגה  
זוקף  
כורע  
קדושה"
Kedushat Levi,Vayechi,162,1094,"גור אריה יהודה מטרף בני עלית (בראשית מט, ט). פירוש רש""י מתחלה גור ולבסוף אריה. הנה ידוע שעיקר הגלות הוא רק בכדי להעלות הנצוצות שנפלו בקליפה מחטא אדם הראשון וישראל סובלים יסורי הגלות עד בא העת שתכלה כל הרשעה וכשתהיה עלייה להנצוצות הנ""ל אזי בוודאי יהיה הגאולה תיכף ומיד ואז יכירו וידעו כל יושבי תבל כי לה' הארץ ומלואה ואז יתגדל שמו הגדול כמו שכתוב בישעיה. והנה גם בגלות המר הזה הקדוש ברוך הוא עושה עמנו תמיד ניסים ונפלאות כמאמר ועל נסיך וכו'. ומכל שכן בעת הגאולה אז יהיה ניכר גדולת הבורא ברוך הוא ומכל שכן כשנהיה בארצינו אז יהיה ניכר גדולת הבורא באלף אלפי אלפים רבבות אשר לא יוכל שום בריה לספר. אבל בעת הגלות הזאת יש כמה רשעים אשר נכנס רוח שטות בלבם לפי שרואים שאנו סובלים כמה יסורים אז יש להם מקום להטעות ונמצא בגלות הזה נקרא כביכול גור, וכשתהיה הגאולה אז יקרא אריה. וזה גור אריה יהודה, מתחלה גור ולבסוף אריה, ואימת יקרא אריה כשתהיה עלייה להנצוצות. וזהו מטרף בני עלית. כן יתן השם יתברך שיתעלו אלו הנצוצות במהרה ויבא משיח צדקנו אמן:","The lion cub of Judah is from the prey, my sons, you have ascended (Genesis 49:9). Rashi's interpretation is that it begins as a cub and ends as a lion. It is known that the essence of the exile is only to elevate the sparks that fell into the klipah from the sin of Adam HaRishon, and Israel suffers the pains of exile until the time comes when all wickedness will be finished, and when there is an elevation of the aforementioned sparks, then surely the redemption will come immediately. Then all the inhabitants of the world will recognize and know that the earth and its fullness belong to the Lord, and His great name will be magnified as it is written in Isaiah. And behold, even in this bitter exile, the Holy One, blessed be He, constantly performs miracles and wonders for us, as it is said, ""And for Your miracles..."" And certainly at the time of redemption, the greatness of the Creator, blessed be He, will be evident, especially when we are in our land, then the greatness of the Creator will be evident in thousands upon thousands of myriads that no creature will be able to recount. But during this exile, there are many wicked ones who have a spirit of folly in their hearts, for they see that we are suffering many pains, and thus they have a place to mislead. Therefore, in this exile, we are called as if a cub, and when the redemption comes, we will be called a lion. This is the lion cub of Judah, beginning as a cub and ending as a lion, and when will it be called a lion? When there is an elevation of the sparks. And this is from the prey, my sons, you have ascended. May the Blessed Lord grant that these sparks be elevated quickly, and may our righteous Messiah come, Amen.","The passage discusses the concept of exile and redemption in Hasidic thought, emphasizing that the primary purpose of the current exile is to elevate the fallen sparks of holiness resulting from Adam's sin. It contrasts the initial state of suffering, symbolized by ""גור"" (cub), with the future state of strength and majesty, represented by ""אריה"" (lion), upon the arrival of redemption. The text highlights that during exile, God's miracles are still present, and ultimately, when the sparks are elevated, the world will recognize God's greatness, leading to the coming of the Messiah. The prayer is for the swift elevation of these sparks and the arrival of the righteous redeemer.","גור  
אריה  
נצוצות  
קליפה  
גאולה  
יסורים  
רשעה  
ניסים  
ברוך הוא  
משיח"
Kedushat Levi,Vayechi,163,1095,"או יבואר, גור אריה יהודה מטרף בני עלית (בראשית מט, ט). יבואר על פי מאמר חכמינו ז""ל <small>(מדות ד, ז)</small> מה ארי רחב מלפניו וצר מלאחריו אף היכל צר מלאחריו ורחב מלפניו. הכלל הוא, כשהשם יתברך משפיע טובות על הגוים הוא בכדי ליתן להם כל טובם ושכרם בעולם הזה כדי ליפרע מהם בעולם הבא ובישראל הוא להיפך להרבות שכרם לעתיד לבא. וזהו הרמז אף היכל, הוא רומז ומורה על ישראל, רחב מלפניו, מורה לעתיד לבא. וצר מלאחריו, מורה על עולם הזה וזהו הרמז בפסוק מטרף בני עלית, כשאתה עושה תשובה על מעשים הרעים עלית יש לך עלייה יותר כמאמר חכמינו ז""ל במקום שבעלי תשובה וכו':","Or it can be explained, ""The lion's whelp of Judah is from the prey, my son"" (Genesis 49:9). It can be explained according to the saying of our Sages, may their memory be blessed (Middot 4:7), that just as a lion is wide in front of him and narrow behind him, so too the Temple is narrow behind and wide in front of it. The principle is that when the Holy One, blessed be He, bestows goodness upon the nations, it is in order to give them all their good and reward them in this world, in order to exact from them in the World to Come. But with Israel, it is the opposite; it is to increase their reward for the World to Come. And this is the hint: ""even the Temple,"" it hints and indicates Israel, ""wide in front of him,"" indicating the future. ""And narrow behind him,"" indicating this world. And this is the hint in the verse ""from the prey, my son,"" that when you repent for your evil deeds, you have an elevation, as our Sages, may their memory be blessed, said: ""In the place where the penitent stand, etc.""","The passage from Sefer Divrey Yoel discusses the dual nature of divine reward and punishment, contrasting the experiences of the nations with those of Israel. It emphasizes that while God grants the nations their rewards in this world to settle accounts in the next, for Israel, the focus is on accumulating future rewards. The imagery of the lion, representing strength and majesty, illustrates that true elevation comes through repentance, leading to greater spiritual ascent. Ultimately, the text highlights the transformative power of teshuva (repentance) and its role in securing a more profound connection to the future world.","אור  
תשובה  
שכר  
עולם הזה  
עולם הבא  
היכל  
ישראל  
רחב  
צר  
עלייה"
Kedushat Levi,Vayechi,164,1096,"או יבואר מטרף בני עלית, כמאמר חכמינו ז""ל <small>(פסחים פז:)</small> מפני מה גלו ישראל לבין האומות כדי שיתוספו עליהם גרים, רמז בכדי להעלות נצוצות. וזהו פירוש שהיה הגלות במצרים כדי להעלות נצוצות וכשיבוא הגואל במהרה בימינו אז יכלו כל הנצוצות וכן היה בימי שלמה עליו השלום ואז לא יקבלו גרים, כי אז יהיה עליות לכל הנצוצות. וזהו הרמז בפסוק גור אריה יהודה, מורה על דוד כפירוש רש""י. מטרף בני עלית, מורה על שלמה. וזהו מטרף בני, כי טרף מורה על נצוצות הנופלים. בני עלית, זהו בימי שלמה שאז יהיה עליות לכל הנצוצות לכך אין מקבלים גרים לימות המשיח ולא בימי שלמה שאז יהיה עליות לכל הנצוצות. וזהו הרמז גור אריה יהודה, כל ישראל מכונים בשם יהודה:","Or it will be explained that the ""prey of the sons you have raised"" refers to the teaching of our Sages, of blessed memory (Pesachim 87a), regarding why Israel was exiled among the nations, so that converts would be added to them, hinting at the elevation of sparks. This is the explanation that the exile in Egypt was to elevate sparks, and when the Redeemer comes speedily in our days, then all the sparks will be able to ascend, just as it was in the days of Solomon, peace be upon him, when converts would not be accepted, for then there will be elevations for all the sparks. This is the hint in the verse ""The lion's whelp of Judah,"" indicating David, as explained by Rashi. ""The prey of the sons you have raised"" indicates Solomon. And this is the ""prey of the sons,"" for ""prey"" indicates the sparks that have fallen. ""Sons you have raised"" refers to the days of Solomon, when there will be elevations for all the sparks; therefore, converts are not accepted in the days of the Messiah, nor in the days of Solomon, when there will be elevations for all the sparks. This is the hint in ""The lion's whelp of Judah,"" for all Israel are referred to by the name Judah.","The passage discusses the concept of exile and redemption in Hasidic thought, emphasizing that the Jewish exile among the nations serves to gather and elevate lost spiritual sparks (נצוצות). It suggests that the purpose of the Egyptian exile was to facilitate this elevation, and that during the Messianic era, all sparks will be redeemed, rendering the acceptance of converts unnecessary. The reference to ""גור אריה יהודה"" symbolizes King David and alludes to King Solomon's era, where the elevation of these sparks will be complete, highlighting the interconnectedness of Jewish identity and the divine purpose of redemption.","נצוצות  
גרים  
גלות  
גואל  
עליות  
שלמה  
יהודה  
מטרף  
בני  
רמז"
Kedushat Levi,Vayechi,165,1097,"חבלילי עינים מיין ולבן שנים מחלב (בראשית מט, יג). הכלל הוא, כי האדם המבקש טובה אז יאחז אותו יראה גדולה, כי האדם המקבל חיות מהבורא צריך תמיד לדבק החיות המקבל בכל רגע לעבודתו יתברך, אבל באמת הבורא ברוך הוא דרכו להטיב כמאמר חכמינו ז""ל <small>(שם קיב.)</small> יותר מה שהעגל רוצה כו', נותן ומשפיע תמיד טובתו. וזהו חכלילי עינים, מחמת יראה גדולה יש לבקש טובה מהבורא ברוך הוא. וזהו מיין, מורה על השפעתו. ועל זה מסיים הפסוק ולבן שנים מחלב, כי כמו שיש להאם תענוג כשתשפיע ותניק החלב, כן כביכול הבורא יתברך שמו דרכו להיטיב לברואיו ויש לו כביכול תענוג בהשפעתו טובה לברואיו וקל להבין:","The text reads: ""The eyes are darkened from wine and white from milk (Genesis 49:13). The principle is that a person seeking goodness will then be seized by great fear, for a person who receives vitality from the Creator must always attach the vitality they receive at every moment to their service of the Blessed One. But in truth, the Blessed Creator's way is to do good, as our sages of blessed memory said (there, 138) 'more than the calf wants to suckle,' He gives and continually bestows His goodness. And this is what is meant by 'darkened eyes,' due to great fear one should seek goodness from the Blessed Creator. And this is indicated by 'from wine,' which signifies His influence. And the verse concludes with 'and white from milk,' for just as a mother derives pleasure when she gives and nurses the milk, so too, so to speak, the Blessed Creator has a way of doing good to His creations and, so to speak, derives pleasure from bestowing goodness upon His creations, and it is easy to understand.""","הקטע מדגיש את הקשר בין האדם לבורא, שבו האדם המבקש טובה חווה יראה גדולה, ומדגיש את הצורך לדבק את החיות שהוא מקבל מהבורא בעבודתו. הבורא, המהות הטובה, משפיע תמיד טובתו על ברואיו, כמו אם המניקה את ילדה, ומקבל תענוג מהשפעתו. המושג ""חכלילי עינים"" מסמל את הראיה המפחידה של האדם כאשר הוא פונה לבורא בבקשה, בעוד ""יין"" מייצג את השפעת הטוב. בסופו של דבר, יש כאן הבנה עמוקה של רצון הבורא להיטיב ולספק טוב לברואיו.","חיות  
דבקות  
בורא  
טובה  
השפעה  
יראה  
תענוג  
חסד  
בריאה  
כבוד"
Kedushat Levi,Vayechi,166,1098,"יששבר חמור גרם (בראשית מט, יד). הרמז השכר בא מחמת שהגוף מושך לצד אחד מחמת זה בא השכר. וזהו יששכר, הרמז יש שכר. חמור גרם, הגוף הוא הגורם השכר:","Yissachar is a strong donkey (Genesis 49:14). The hint is that the reward comes because the body pulls to one side; because of this, the reward comes. And this is Yissachar, the hint is ""there is reward."" The strong donkey, the body is the cause of the reward.","The passage from Sefer Divrey Yoel highlights the relationship between the body and spiritual reward, as illustrated by the biblical reference to Issachar and his donkey. It suggests that the body, represented by the donkey, is a driving force that influences one's spiritual pursuits and ultimately leads to reward. The phrase ""יש שכר"" (there is a reward) emphasizes that the effort and struggles of the body are integral to achieving spiritual fulfillment. Thus, the text conveys a key Hasidic concept that physical existence and its challenges are essential for attaining spiritual elevation and divine reward.","יששכר  
שכר  
גוף  
חמור  
גרם  
רמז  
מושך  
צד  
גורם  
הכנה"
Kedushat Levi,Vayechi,167,1099,"עוד באופן אחר, יששכר חמור גרם רובץ בין המשפתים וירא מנוחה כי טוב (בראשית מט, יד), כי הנה המחשבה של האדם כשחושב בעבודת הבורא אזי כל זמן שהמחשבה לא באה לדיבור אזי המחשבה אין לה מנוחה וכשהמחשבה באה לדיבור אז יש מנוחה להמחשבה. וזהו הרמז יששכר, מורה על המחשבה. רובץ בין המשפתים, כי רובץ מורה על מנוחה. בין המשפתים, שבאה לדיבור שמורה על השפתים שם יש מנוחה להמחשבה. וזהו וירא מנוחה כי טוב:","In another way, Issachar is a strong donkey lying between the borders, and he saw rest that it was good (Genesis 49:14). For behold, when a person thinks about the service of the Creator, as long as the thought does not come to speech, the thought has no rest. And when the thought comes to speech, then there is rest for the thought. And this is the hint of Issachar, indicating thought. Lying between the borders, for lying indicates rest. Between the borders, which comes to speech, indicates that there is rest for the thought at the lips. And this is ""and he saw rest that it was good.""","The passage discusses the relationship between thought and speech in the context of serving God, using the biblical reference to Issachar as a symbol of contemplation. It emphasizes that when a person's thoughts are directed towards divine service but remain unexpressed, they lack tranquility. True peace is achieved when thoughts are articulated through speech, as this transition brings rest to the mind. Thus, Issachar's role as a thinker who finds rest between the lips signifies the importance of verbalizing one's spiritual reflections.","מחשבה  
עבודת הבורא  
דיבור  
מנוחה  
יששכר  
רובץ  
משפתים  
הרמז  
שפתים  
טוב"
Kedushat Levi,Vayechi,168,1100,"או יבואר יששכר חמור גרם, פירוש דעיקר שכר המגיע לאדם הוא מחמת שרגיל מנעוריו בתאות הגופניות, כי נפש השכלי בא לו אחר י""ג שנים והוא משוקע בתאות והוא משבר התאות הגשמיות ועובד את ה' מחמת זה מגיע לו שכר אבל כשלא היה לאדם תאות החומריים לא הגיע לאדם שכרו. וזה יששכר חמור גרם, אותיות יש שכר, דהיינו שישולם לאדם הגמול. חמור גרם, פירוש החומריות שהוא משוקע זה גורם לשכר:","Or it can be explained that Yissachar is a strong donkey, meaning that the main reward that a person receives is due to being accustomed from his youth to physical desires, for the intellectual soul comes to him after thirteen years, and he is immersed in desires, and he breaks the physical desires and serves Hashem. Because of this, he is deserving of reward. But when a person does not have physical desires, he does not receive his reward. And this is Yissachar, a strong donkey, the letters of ""there is reward,"" meaning that the recompense will be given to a person. A strong donkey, meaning the physicality in which he is immersed, this causes the reward.","The passage discusses the concept that true reward (שכר) for a person comes from overcoming physical desires, which are prevalent from a young age. It emphasizes that the intellectual soul (נפש השכלי) emerges after the age of thirteen, and the struggle against material temptations leads to spiritual growth and divine reward. The phrase ""יששכר חמור גרם"" symbolizes that the burdens of physicality (חומריות) ultimately contribute to a person's merit and the fulfillment of their spiritual reward. Thus, the challenges posed by earthly desires are essential for achieving spiritual elevation and receiving divine compensation.","שכר  
תאות  
נפש  
שכלי  
גמול  
חומריות  
עבודה  
ה'  
יששכר  
גרם"
Kedushat Levi,Vayechi,169,1101,"גד גדוד יגודנו והוא יגוד עקב (בראשית מט, יט). יבואר על פי מאמר חכמינו ז""ל <small>(שבת קנא:)</small> כל המרחם על הבריות כו', על ידי זה מעורר חסדים למעלה וזהו מרחמים עליו מן השמים. והנה גד מורה על חסד כמאמר חכמינו ז""ל <small>(שם קד.)</small> גימ""ל דל""ת גמול דלים. והנה האדם העושה חסד ומעלה על מחשבתו בכדי שיושפע עליו חסדים למעלה אז הוא מצפה לתשלום שכר והקדוש ברוך הוא לטובת עמו ישראל בשעה שאדם עושה חסד עם חבירו אז נשכח ממנו השכר. וזהו הרמז בפסוק גד, הוא גומל דלים בשעה שעושה החסד. יגוד עקב, מלשון <small>(דניאל ד, יא)</small> גודו אילנא יגוד עקב הוא השכר מלשון <small>(דברים ז, יב)</small> והיה עקב תשמעון. ועיין בתרגום אונקלוס חלף דתקבלון. וזהו יגוד עקב, ישכח מלבו השכר:","Gad, a troop shall troop upon him, and he shall troop at the heel (Genesis 49:19). This will be explained according to the saying of our Sages, may their memory be blessed (Shabbat 113b), ""Whoever has mercy on the creatures,"" etc., through this he arouses kindness above, and this is what brings mercy upon him from the heavens. And behold, Gad indicates kindness, as our Sages, may their memory be blessed, said (there, 104a), ""Gimel, Dalet, is the reward for the poor."" And behold, a person who does kindness and elevates it in his thoughts in order that kindness should be bestowed upon him from above, then he expects the payment of reward, and the Holy One, blessed be He, for the good of His people Israel, at the time when a person does kindness with his friend, then the reward is forgotten from him. And this is the hint in the verse Gad, he who rewards the poor at the time he does the kindness. ""Troop at the heel,"" from the language (Daniel 4:11) ""the tree was great,"" ""troop at the heel"" is the reward, from the language (Deuteronomy 7:12) ""and it shall be, because you listen."" And see in the translation of Onkelos, ""instead of what you will receive."" And this is ""troop at the heel,"" he will forget the reward from his heart.","The passage discusses the concept of kindness (chesed) as exemplified by the tribe of Gad, emphasizing that acts of mercy towards others evoke divine mercy from above. It highlights that when a person performs acts of kindness without the expectation of reward, they align themselves with a higher spiritual purpose, leading to greater blessings. The phrase ""יגוד עקב"" suggests that one should forget about the reward, focusing instead on the act of giving itself, which ultimately brings about divine favor and sustenance. This reflects a core Hasidic teaching on selfless love and the transformative power of genuine compassion.","חסד  
גמול  
שכר  
בריות  
חכמים  
קדושה  
עמו ישראל  
יגוד  
עקב  
תשמעון"
Kedushat Levi,Vayechi,170,1102,"עוד באופן אחר, גד גדוד יגודנו כו'. הענין, דאיתא <small>(בבא בתרא י.)</small> שקודם התפלה צריך האדם ליתן צדקה והסגולה של צדקה להכרית הקליפות כדי שאחר כך יוכל להתפלל בלב טהור והסגולה מהתפלה שהוא לשון דביקות והתחברות שהאדם בתפלתו מתדבק עצמו בהקדוש ברוך הוא והאדם הוא דבר שיש לו סוף והקדוש ברוך הוא אין לו סוף ונמצא עולה ממדריגת סוף למדריגת אין סוף. וזהו פירוש הפסוק גד, הוא לשון גומל דלים. גדוד יגודנו, הוא מכרית הקליפות. והוא יגוד עקב, פירוש כשיתדבק עצמו להקדוש ברוך הוא שנקרא הוא יגוד עקב שמכרית מה שהיה במדריגת עקב שהוא לשון סוף יוצא ונכנס למדריגת אין סוף:","In another way, ""Gad, a troop shall overcome him"" (Genesis 49:19). The matter is that it is stated (Baba Batra 10a) that before prayer, a person should give charity, and the merit of charity is to eradicate the klipot so that afterwards he can pray with a pure heart. The merit of prayer, which is a language of attachment and connection, is that a person, in his prayer, attaches himself to the Holy One, Blessed be He. A person is a being that has an end, while the Holy One, Blessed be He, has no end. Thus, he ascends from the level of end to the level of infinity. And this is the interpretation of the verse ""Gad,"" which is a term for one who bestows kindness upon the poor. ""A troop shall overcome him"" refers to the eradication of the klipot. And ""he shall overcome the heel"" means that when he attaches himself to the Holy One, Blessed be He, who is called ""he shall overcome the heel,"" he eradicates what was at the level of heel, which is a term for end, and enters into the level of infinity.","The passage emphasizes the importance of giving charity before prayer as a means to purify oneself and eliminate spiritual impurities (klipot). It highlights that prayer is a form of attachment (dvekut) to the Divine, allowing a finite being to connect with the Infinite. The term ""גד"" (Gad) signifies the act of providing for the needy, which aids in the removal of klipot, enabling the individual to ascend from a state of finitude to the realm of the Infinite. Ultimately, this process transforms the individual, allowing them to transcend their limitations and achieve a deeper connection with God.","צדקה  
קליפות  
טהור  
דביקות  
הקדוש ברוך הוא  
סוף  
אין סוף  
גומל  
יגוד  
עקב"
Kedushat Levi,Vayechi,171,1103,"עוד באופן אחר. דידוע יותר מה שבעל הבית עושה עם עני עני עושה עם בעל הבית. ואדם בתפלתו צריך להחשיב עצמו לעני שאינו כלום כדכתיב <small>(תהלים קב, א)</small> תפלה לעני כי יעטוף. והענין, כי כשאדם מחשיב את עצמו יש קטרוג עליו ועוד שאינו יכול להכרית הקליפות רק שהמה במדריגתו אבל לא למעלה ממדריגתו ולא למטה ממדריגתו שאין לו ענין עמהם אבל כשהוא אינו מחשיב עצמו ועושה עצמו עני אז יכול להכרית כל המדריגות התחתונות. וזה פירוש הפסוק ג""ד, היינו גומל דלים כשעושה עצמו דל ושפל ומתפלל שאז הוא גומל כי יותר כו', אז גדוד וכו', ויגוד עקב, שמכרית אפילו סוף המדריגות שנקרא עקב:","Another way. It is known more what the homeowner does with the poor, the poor does with the homeowner. And a person in his prayer needs to consider himself as a poor person who is nothing, as it is written (Psalms 102:1) ""A prayer of the poor when he wraps himself."" The matter is that when a person considers himself, there is an accusation against him, and he cannot uproot the klipot (shells) except that they are at his level, but not above his level and not below his level, as he has no connection with them. But when he does not consider himself and makes himself poor, then he can uproot all the lower levels. And this is the interpretation of the verse ""G'd,"" meaning ""he who does kindness to the poor"" when he makes himself lowly and humble and prays, for then he does kindness, because more so, then ""G'd"" and ""he will uproot the heel,"" which uproots even the end of the levels that is called the heel.","The passage emphasizes the importance of humility in prayer, suggesting that one should consider oneself as a poor person, which allows for a deeper connection to the divine. By recognizing one's own lowly status, an individual can overcome spiritual obstacles and elevate themselves beyond their current level. This humility enables the person to combat lower spiritual forces effectively, as illustrated by the concept of ""g'milut chasadim"" (acts of kindness) towards the downtrodden. Ultimately, true spiritual elevation comes from self-effacement and the recognition of one's dependence on God.","עני  
תפלה  
קטרוג  
קליפות  
מדריגה  
גומל  
דל  
שפל  
הכרית  
עקב"
Kedushat Levi,Vayechi,172,1104,"מאשר שמנה לחמו והוא יתן מעדני מלך (בראשית מט, כ). כי האדם בטובתו אז יהיה עיקר התענוג שלו מה שהבורא יש לו שמחה מטובתו וזהו מאשר שמנה לחמו מלא טוב. והוא יתן מעדני מלך, עיקר התענוג שלו מעדני הוא לשון תענוג. מלך, להבורא יתברך שהוא מלכו של עולם:","""Blessed is he who is satisfied with his lot, and He will give delicacies of the King (Genesis 49:20). For a person, in his goodness, will have his primary pleasure from the joy that the Creator has in His goodness, and this is 'blessed is he who is satisfied with his lot, full of goodness.' And He will give delicacies of the King; the essence of his pleasure from delicacies is a term of delight. King, referring to the Blessed Creator, who is the King of the world.""","The passage emphasizes that a person's ultimate pleasure derives from the goodness of the Creator, reflecting the joy that God experiences from His own goodness. The phrase ""מאשר שמנה לחמו"" signifies that true satisfaction comes from the abundance of divine goodness. Furthermore, ""והוא יתן מעדני מלך"" highlights that the essence of this pleasure is akin to royal delicacies, symbolizing the profound delight found in the relationship with the Creator, who is the King of the world. This encapsulates a key Hasidic concept of deriving joy from the divine and recognizing the interconnectedness of human pleasure and divine joy.","מאשר  
שמנה  
לחמו  
בורא  
שמחה  
טוב  
תענוג  
מעדני  
מלך  
יתברך"
Kedushat Levi,Vayechi,173,1105,"או יבואר, מאשר שמנה לחמו והוא יתן מעדני מלך. פירוש, דהכלל שהסתכלות בהבורא ברוך הוא כביכול הוא עיקר התענוג והכלל כל דבר שהוא תמידי אפילו שהדבר בעצם טוב מאד עד אין שיעור אף על פי כן אין התענוג גדול כל כך מחמת שהוא רגיל אצלו. והנה העובדים את ה' תמיד לפעמים כביכול הבורא ברוך הוא מצמצם הבהירות שלו ואחר כך המה עולים למדריגה גדולה כדי שלא יהא תמידי. וזהו מאשר שמנה לחמו, מאשר היינו לשון שור כמו בנות צעדה עלי שור, דהיינו מהסתכלות גדולת הבורא ברוך הוא. שמנה לחמו, דהיינו הלחם של תורה, פירוש כשהקדוש ברוך הוא צמצם את עצמו כביכול והוא באתגליא אז שמנה לחמו, והוא פירוש שהוא לפעמים באתכסיא כדי שיתן מעדני מלך, פירוש כדי שיהיה להצדיק תענוג, כי בודאי יותר מה שהעגל רוצה לינק פרה וכו', ואם כן מה שהבורא כביכול באתכסיא כדי שיהא להצדיק תענוג שלא יהיה תמידי:","Or it can be explained, that when He has made His bread fat, He will give delicacies of the King. The explanation is that the principle is that contemplating the Creator, blessed be He, is in itself the essence of pleasure, and the general rule is that anything which is constant, even if the thing itself is very good to an immeasurable degree, nevertheless the pleasure is not so great because it is familiar to him. And behold, those who serve the Lord constantly, sometimes, as it were, the Creator, blessed be He, constricts His brightness, and then they ascend to a great level so that it should not be constant. And this is what is meant by ""when He has made His bread fat,"" for ""when"" is a term of a root, like ""the daughters of Tzidkah are upon a root,"" meaning from the contemplation of the greatness of the Creator, blessed be He. ""His bread fat"" refers to the bread of Torah, meaning when the Holy One, blessed be He, constricts Himself, as it were, and He is revealed, then ""He has made His bread fat,"" and the explanation is that sometimes He is concealed so that He may give the delicacies of the King, meaning in order to justify pleasure, for certainly more than the calf wants to suckle from the cow, etc. If so, what the Creator, as it were, does in concealment is in order to justify pleasure so that it should not be constant.","The passage discusses the concept that the ultimate pleasure comes from contemplating the Creator, which is often diminished by its familiarity. It explains that God sometimes conceals His brilliance, allowing His servants to ascend to higher spiritual levels, thus preventing the experience from becoming mundane. The phrase ""מאשר שמנה לחמו"" signifies that through the study of Torah, when God reveals Himself, it provides a deeper delight, akin to the delicacies of a king. This dynamic of revelation and concealment is essential for sustaining genuine spiritual enjoyment.","הבורא  
תענוג  
צמצום  
בהירות  
מדריגה  
לחם של תורה  
אתגליא  
אתכסיא  
מעדני מלך  
הצדיק"
Kedushat Levi,Vayechi,174,1106,"או יבואר, מאשר שמנה לחמו והוא יתן מעדני מלך. דהנה שמעתי ממורי ורבי הצדיק מורינו דוב בער זצ""ל פירוש הפסוק <small>(ישעיה סא, י)</small> שוש אשיש בה', דאני שש ויש לי שמחה ותענוג ממה שזכיתי לחזות בנועם ה' ולהתענג בעבודתו ומזה עצמו יש לי שמחה שזכיתי להתקרב להשם יתברך ולהתענג מעבודתו מרוב כל. וזהו שוש אשיש, שיש לי שמחה ותענוג ממה שזכיתי שאשיש בה' ואתענג מעבודתו יתברך עד כאן דבריו. וזהו מאשר שמנה לחמו, מאשר הוא עולם התענוג מזה שיש לנו תענוג מעבודת השם יתברך מזה עצמו יש לנו שמחה ותענוג שזכינו להתענג מעבודתו יתברך. וזהו שמנה לחמו, שלחם נקרא תענוג מזה עצמו שזכינו להתענג מעבודתו מזה עצמו יש לנו תענוג שזכינו לזה:","Or it can be explained, from the fact that He has made His bread fat, and He will give delicacies of the King. Behold, I have heard from my teacher and righteous master, our teacher Dov Ber, of blessed memory, the interpretation of the verse (Isaiah 61:10) ""I will greatly rejoice in the Lord,"" that I am joyful and have pleasure from what I have merited to behold the pleasantness of the Lord and to delight in His service, and from this very thing I have joy that I have merited to draw close to the Blessed One and to delight in His service from the abundance of all. And this is ""I will greatly rejoice,"" that I have joy and pleasure from what I have merited to rejoice in the Lord and to delight in His service, blessed be He, until here are his words. And this is ""from the fact that He has made His bread fat,"" for ""from the fact"" is the world of pleasure, from which we have pleasure from the service of the Blessed One; from this very thing we have joy and pleasure that we have merited to delight in His service, blessed be He. And this is ""His bread is fat,"" for bread is called pleasure, from which we have merited to delight in His service; from this very thing we have pleasure that we have merited this.","The passage discusses the joy and pleasure derived from serving God, as articulated by the Hasidic master Dov Ber. It emphasizes that true happiness comes from the ability to experience the divine beauty and delight in God's service, which is a source of spiritual fulfillment. The phrase ""מאשר שמנה לחמו"" highlights that the essence of joy in serving God is akin to the sustenance of bread, representing the deep spiritual nourishment found in this relationship. Ultimately, the text conveys that the joy of closeness to God and the pleasure of His service are intertwined, leading to a profound sense of satisfaction and delight in one's spiritual journey.","שוש אשיש  
תענוג  
שמחה  
עבודת השם  
השם יתברך  
חזות בנועם ה'  
התקרבות  
מעדני מלך  
עולם התענוג  
לחם"
Kedushat Levi,Vayechi,175,1107,"והוא יתן מעדני מלך (בראשית מט, כ). על פי ששמעתי ממורי הצדיק מורינו דוב בער על מה שאמרו חכמינו ז""ל ישראל מפרנסין לאביהם שבשמים, היינו שהתענוג נקרא פרנסה והשם יתברך מתענג בעבודת ישראל וישראל גורמים תענוג לאביהם שבשמים. וזהו יתן מעדני מלך, שמי שזוכה לעבוד השם יתברך באהבה שלימה וגמורה אהבה בתענוגים הוא יתן מעדני מלך, שגורם תענוג להשם יתברך וישמח ה' במעשיו:","And He will give the delicacies of the King (Genesis 49:20). According to what I have heard from my righteous teacher, our teacher Dov Ber, regarding what our sages, may their memory be blessed, said that Israel sustains their Father in Heaven, this means that pleasure is called sustenance, and the Holy One, blessed be He, delights in the service of Israel, and Israel causes pleasure to their Father in Heaven. And this is ""He will give the delicacies of the King,"" that whoever merits to serve the Holy One, blessed be He, with complete and perfect love, in pleasures, He will give the delicacies of the King, for he causes pleasure to the Holy One, blessed be He, and the Lord rejoices in His deeds.","The passage emphasizes the concept that the spiritual service of the Jewish people brings pleasure to God, likening this divine enjoyment to sustenance. It highlights that when individuals serve God with complete and genuine love, they create a source of delight for Him. The phrase ""יתן מעדני מלך"" signifies that such devotion results in God experiencing joy in His creations. Thus, the relationship between Israel and God is portrayed as one where human actions can evoke divine pleasure.","מעדני מלך  
תענוג  
פרנסה  
עבודת ישראל  
אהבה  
אהבה שלימה  
השם יתברך  
גורמים תענוג  
שמחה  
מעשים"
Kedushat Levi,Vayechi,176,1108,"עוד באופן אחר, מאשר שמנה לחמו והוא יתן מעדני מלך. דהנה נראה פירוש הפסוק <small>(שיר השירים א, א)</small> שיר השירים אשר לשלמה ישקני מנשיקות פיהו כי טובים דודיך מיין, דהנה יש ב' בחינות בעבודת השם יתברך, יש שאוהב את השם יתברך מחמת שהשם יתברך באהבתו אותנו מקבל עבודתינו ברצון ומשלם לאיש כמעשהו ברב טוב הצפון ונותן לנו שכר טוב עין לא ראתה וכו'. ועבור שנותן לנו שכר ומקבל ברצון עבודתינו אוהב את השם יתברך אהבה גמורה. ויש מדריגה למעלה מזה, האוהבים השם יתברך מחמת אהבתו יתברך אותנו בלבד ואפילו אם לא יומשך להם שום תשלום גמול על כל זה אהבתו יתברך אותנו בלבד הוא החביב והנחמד והנעים ומחמת אהבתו בלבד אנו אוהבים אותו אהבה שלימה ואהבתו יתברך בלבד שבחר בעמו ישראל באהבה הוא החביב לנו מרוב כל ודו""ק:","In another way, besides that He has nourished us and He will give us the delicacies of the King. Behold, the interpretation of the verse (Song of Songs 1:1) ""The Song of Songs, which is Solomon's: Let him kiss me with the kisses of his mouth, for your love is better than wine."" There are two aspects in the service of the Blessed Name. There are those who love the Blessed Name because the Blessed Name, in His love for us, accepts our service willingly and rewards a person according to his deeds with the great good that is hidden and gives us a good reward that no eye has seen, etc. And because He gives us a reward and willingly accepts our service, they love the Blessed Name with a complete love. And there is a level above this, those who love the Blessed Name solely because of His love for us, even if no reward or recompense is drawn down to them for all this, His love for us alone is precious, delightful, and pleasant, and because of His love alone we love Him with a complete love, and His love for us alone, that He chose His people Israel with love, is dear to us above all. And take note.","The passage discusses two levels of love for God in Hasidic thought. The first level is motivated by the rewards and kindness God bestows upon His followers, leading to a genuine love based on the goodness received. The higher level of love, however, is characterized by a selfless devotion to God, rooted in the appreciation of His inherent love for the Jewish people, independent of any expectation of reward. This profound love reflects a deep connection to God's essence and a recognition of His unique relationship with Israel.","אוהב  
אהבה  
עבודת השם  
שכר  
גמול  
אהבה גמורה  
אהבה שלימה  
חביב  
נחמד  
נעים"
Kedushat Levi,Vayechi,177,1109,"נפתלי אילה שלוחה הנותן אמרי שפר (בראשית מט, כא). הכלל הוא, כששופע על האדם אמונת הבורא מתחיל לשורר ולהודות לה' וידוע דרגלים נקרא אמונה כנזכר בספר האר""י ז""ל. זהו שאמר נפתלי אילה שלוחה, פירוש שיש לו רגלים חזקים שעל ידי זה הוא קל ללכת, דהיינו מרמז שיש לו אמונה חזקה בה' שנקרא רגלים כו', ועל ידי זה הנותן אמרי שפר, מחמת האמונה משורר ומהלל באמרי שפר כנ""ל. וזהו דרמז תרגום יונתן בן עוזיאל בפסוק זה דמשבט נפתלי הם משוררים יפים עיין שם, דלפי הנ""ל הרמז שעל ידי ששבטו יש להם אמונה חזקה בה' משוררים יפים תמיד לה':","Naphtali is a doe let loose, he gives goodly words (Genesis 49:21). The principle is that when a person is infused with the faith of the Creator, he begins to sing and give thanks to Hashem, and it is known that legs are called faith, as mentioned in the book of the Ari, blessed be his memory. This is what is meant by ""Naphtali is a doe let loose,"" meaning he has strong legs, which makes it easy for him to walk, that is to say, it hints that he has strong faith in Hashem, which is called legs, etc. And through this, he gives goodly words; because of the faith, he sings and praises with goodly words, as mentioned above. And this is hinted at in the translation of Jonathan ben Uzziel on this verse, that from the tribe of Naphtali they are beautiful singers, see there, for according to the above, the hint is that through their tribe they have strong faith in Hashem, they are always beautiful singers.","The passage from Sefer Divrey Yoel highlights the connection between strong faith in God and the ability to express joy and gratitude through song. It interprets the phrase ""Nafthali is a doe let loose"" as a metaphor for having strong ""legs,"" symbolizing robust faith that enables one to walk the path of devotion. This strong belief leads to the ability to sing and praise God, as exemplified by the tribe of Naphtali, known for their beautiful songs. Ultimately, the text emphasizes that true faith inspires a continuous outpouring of praise and artistic expression in service of the Divine.","אמונה  
שירה  
הודיה  
רגלים  
שבט  
משוררים  
אילה  
שלוחה  
אמרי שפר  
ה'"
Kedushat Levi,Vayechi,178,1110,"בן פרת יוסף וכו' ולקדקוד נזיר אחיו (בראשית מט, כב-כז). כי יוסף אינו בשבטים כמו שאר אחיו, כי מנשה ואפרים הם נקראים שבטים במקומו ויוסף הצדיק נקרא מהאבות לבניו וזהו נזיר אחיו, ועיין בתרגום אונקלוס פרישא דאחוהי, שאינו נקרא בשבטים כמו שאר אחיו ובניו הם נקראים שבטים במקומו:","""Ben Perat Yosef, etc., and to the crown of the Nazir, his brother (Genesis 49:22-27). For Yosef is not among the tribes like his other brothers, for Menashe and Efrayim are called tribes in his place, and Yosef the righteous is called from the patriarchs to his sons, and this is the Nazir of his brother. And see in the Targum Onkelos, 'the first of his brothers,' that he is not called among the tribes like his other brothers, and his sons are called tribes in his place.""","The passage discusses the unique status of Joseph among the tribes of Israel, highlighting that he is not counted among the tribes like his brothers, as his sons, Manasseh and Ephraim, take his place. This distinction emphasizes Joseph's elevated spiritual role, likening him to a ""Nazir"" or consecrated one, which reflects his holiness and connection to the patriarchs. The reference to Onkelos' translation reinforces this idea, indicating that Joseph's legacy is carried through his sons rather than through direct tribal lineage. This underscores the Hasidic concept of spiritual elevation and the transformative power of one's actions and legacy.","בן פרת  
יוסף  
נזיר  
שבטים  
אחיו  
מנשה  
אפרים  
צדיק  
אבות  
תרגום"
Kedushat Levi,Vayechi,179,1111,"בנות צעדה עלי שור (בראשית מט, כב). כלומר עלי שור שישור יוסף בהם שהוא עין טוב בכל מקום שהסתכל היה שורה ברכה, לא כן אדם אחר שמזיק היזק ראיה:","Daughters walked upon a bull (Genesis 49:22). This means upon a bull that Joseph will straighten with them, which is the good eye; wherever he looked, blessing would rest. Not so with another person, who causes harm through the evil eye.","The passage highlights the unique spiritual quality of Joseph, symbolized by the phrase ""עלי שור,"" which signifies his ability to bring blessings wherever he gazes. Unlike others who may cause harm through their sight, Joseph embodies the concept of ""עין טוב"" (good eye), representing a positive and benevolent perspective. This reflects a key Hasidic idea that one's inner qualities and intentions can influence the world around them, emphasizing the transformative power of a righteous individual. Ultimately, it underscores the importance of maintaining a good eye and positive outlook in one's interactions with others.","בנות  
שור  
יוסף  
עין  
טוב  
ברכה  
אדם  
היזק  
ראיה  
שישור"
Kedushat Levi,Vayechi,180,1112,"בנימין זאב יטרף בבוקר יאכל עד ולערב יחלק שלל (בראשית מט, כז). הכלל, כי האדם כשחושב רק בעבודת ה' אזי עיקר התענוג שלו לעשות תענוג להבורא יתברך וכאשר מחשבתו אינה צלולה כך אזי התענוג שלו להשפיע שפע לכל עולמות מאת הבורא ברוך הוא. והמחשבה כשהוא צלולה נקראת בוקר וגם לשון עד מלשון עדי עדיים, וכשהיא אינה צלולה נקראת ערב. וזהו בבוקר יאכל עד, לשון תענוג. ולערב, כאשר אינה צלולה המחשבה. יחלק שלל, להשפיע שפע:","Benjamin the Wolf will tear; in the morning he will eat until, and in the evening he will divide the spoils (Genesis 49:27). The principle is that when a person thinks only of serving the Creator, blessed be He, then his main pleasure is to bring delight to the Creator. And when his thought is not clear, then his pleasure is to bestow abundance to all worlds from the Blessed Creator. The thought, when it is clear, is called morning, and also the term ""until"" is from the language of ""adi"" (jewels), and when it is not clear, it is called evening. And this is ""in the morning he will eat until,"" a term of pleasure. ""And in the evening,"" when the thought is not clear, ""he will divide the spoils,"" to bestow abundance.","The passage discusses the dual nature of human thought in relation to serving God, highlighting that when one's thoughts are clear and focused on divine service, the joy derived from this is akin to the morning, symbolizing pleasure in fulfilling God's will. Conversely, when thoughts are unclear, the joy shifts to a more superficial level, represented by the evening, where the focus is on distributing blessings to the worlds. The text emphasizes the importance of clarity in thought for achieving true spiritual delight and connection with the Creator.","תענוג  
הבורא  
שפע  
עולמות  
מחשבה  
צלולה  
בוקר  
ערב  
שלל  
ברוך הוא"
Kedushat Levi,Vayechi,181,1113,"בפרשת וזאת הברכה כלל משה ברכת שמעון בברכת יהודה מפני שיעקב מה שלא ברכם מחמת מכירת יוסף כנזכר בפרשת ויחי וטעם שמעון ולוי היו במכירת יוסף מחמת שסיפר יוסף להם חלומותיו שיהיה הוא מלך והם רצו שיהודה יהא מלך כפי האמת דמלוכת עולם הוא דיהודה לכן כללו משה בברכת יהודה שבזה יכול הצדיק שמעון לומר שאין להאשימו שכוונתו היה במכירה דיוסף לשם שמים מחמת דמלוכה הוא דיהודה וכללו בברכת יהודה שמהראוי שיתברך בברכת יהודה מחמת דכוונתו היה הכל עבור שיתגדל יהודה במלכות שמים. וללוי ברך משה בפני עצמו, גם דלא ברכו יעקב מחמת ששבט לוי היה בם מדה זו האומר לאביו ולאמו לא ראיתיו <small>(דברים לג, ט)</small> מחמת קנאת ה' במעשה העגל לכן מדה כנגד מדה נהג בו משה, דהיינו האומר לאביו ולאמו לא ראיתיו, דהיינו גם שיעקב אביו לא ברכו לא ראה משה זה גם שהוא בן יעקב ובירך לוי במדה טובה, שבמדה שאדם מודד מודדין לו כמאמר חכמינו ז""ל <small>(מגילה יב)</small>:","In the portion of ""And this is the blessing,"" Moses included the blessing of Simeon within the blessing of Judah because Jacob did not bless them due to the sale of Joseph, as mentioned in the portion of ""And he lived."" The reason for Simeon and Levi's involvement in the sale of Joseph was because Joseph told them his dreams that he would be king, and they wanted Judah to be king, as it is true that the eternal kingship belongs to Judah. Therefore, Moses included Simeon in the blessing of Judah, so that the righteous Simeon could say that he should not be blamed, for his intention in the sale of Joseph was for the sake of Heaven, because the kingship is that of Judah. He included him in the blessing of Judah, as it is fitting that he should be blessed in the blessing of Judah, since his intention was all for the purpose of elevating Judah in the kingship of Heaven. And for Levi, Moses blessed him separately, even though Jacob did not bless him because the tribe of Levi had this trait of saying to his father and mother, ""I have not seen him"" (Deuteronomy 33:9) due to the jealousy of the Lord in the matter of the golden calf. Therefore, measure for measure, Moses acted with him, meaning that the one who says to his father and mother, ""I have not seen him,"" that is, even though Jacob, his father, did not bless him, Moses did not see this, even though he is the son of Jacob, and he blessed Levi with a good measure, as in the measure that a person measures, it is measured to him, as our sages of blessed memory said (Megillah 12).","In this passage, the author discusses the blessings given by Moses to the tribes of Israel, particularly focusing on the blessings for Judah and Levi. Moses includes Simeon in Judah's blessing, suggesting that Simeon's intentions during the sale of Joseph were for the sake of elevating Judah's kingship, which is seen as a divine purpose. Conversely, Levi is blessed separately due to his unique spiritual stature, reflecting the principle of measure for measure, where one's actions determine the nature of their blessings. This highlights the Hasidic themes of divine providence and the interconnectedness of intentions and outcomes in the spiritual realm.","ברכת  
מלכות  
צדיק  
שמים  
מכירה  
קנאת ה'  
מדה  
מדה טובה  
שבט  
חלומות"
Kedushat Levi,Vayechi,182,1114,"וזאת אשר דבר להם (בראשית מט, כח). יתבאר על פי הפסוק <small>(תהלים מה, י)</small> נצבה שגל לימינך בכתם אופיר, ואמרו חכמינו ז""ל <small>(ראש השנה ד.)</small> בשכר שחביבה תורה לישראל כו'. וקשה למה בשכר זה דייקא, הלא הם מחבבים גם שאר תאות. אך הענין, האדם כשנופל במחשבתו איזה תאוה תאות משגל או שאר תאות גשמיות יעלה על מחשבתו הנה דבר זה הוא נברא מאת ה' וכל מה שברא וכו', והוא תכלית הדבר וטעמו וכל דבר תכלית וטעם הדבר הוא יותר גדול מהדבר עצמו, ואם כן למה תתאוה לקטן וכלה ונפסד הלא טוב לי לעבוד ולהיות עבד להבורא ברוך הוא ולאהוב אותו שהוא תכלית כל דבר, ולא עוד אפילו אם אתאוה ואשיג איזה תאוה לא אשיג אלא תאוה אחת בעת ההוא ובעת אחרת תאוה אחרת אכן כשאעבוד את הבורא ברוך הוא באותו התלהבות אשיג ברגע אחד כל התענוגים. ובדרך זה יכול אדם לכוף את יצרו לעלות משפל המדריגות לרום המעלות. והנה אף על פי שדרך ההוא טוב, אף על פי כן אינה עיקר עבדות הבורא בזה הבחינה, כי עדיין הוא כעובד את עצמו מחמת שיש לו תענוג ושמחה בעבודתו, אך העיקר העבדות הבורא כדי לתת נחת רוח להבורא שיקבל הבורא תענוג ממנו וממעשיו וישתעשע עמו בשעשוע כאב עם הבן החכם כמו שאמר הכתוב <small>(משלי כג, טו)</small> בני אם וכו' ישמח ה' במעשיו <small>(תהלים קד, לא)</small> והנה תאות העולם הזה הם נותנים לאדם תענוג והאדם מקבל ובאמת כל תאות העולם הזה כלים ונפסדים ובמה נחשב ותאות המשגל הוא להיפך האיש הוא המשפיע והאשה המקבלת והוא יש לו תענוג ממה שמשפיע הגם שמשפיע לזולתו. וזהו כוונת הגמרא בשכר שחביבה תורה לישראל כשגל לאומות העולם, שהמשפיע יש לו תענוג ממה שמשפיע, כך חביבה תורה ועבודת הבורא לישראל שעיקר עבודתם היא בחינות נותן שהם משפיעים שמחה ותענוג להבורא יתברך. וזהו פירוש הגמרא במסכת שבת פרק תולין אמר רב חסדא לבנתיה נקיט מרגניתא בחדא ידא וכו', פירוש שהקדוש ברוך הוא נקרא רב חסד אומר להעולמות העליונים שכולם הם בנותיו של הקדוש ברוך הוא והמה העוזרים לאדם בעבודתו יתברך שמו על פי הבא לטהר מסייעין לו. והנה דרך הראשון שאמרנו הוא שבנקל בא לאדם הסיוע במהרה. אך הדרך הב', הוא בקושי בא לאדם אחרי טורח גדול. ולאשה יש ב' בחינות דדים הם המשפיעים, והרחם הוא מקבל. זהו שאמר הקדוש ברוך הוא להעולמות העליונים מרגניתא אחוי, פירוש שבתחלה תעזרו לאדם שיהא אדם מקבל שפע ותענוג כמו דדים שהם משפיעים באופן דרך הא' הנ""ל וכד מצטערין ליה שיצטערו ויטרחו להשיג הבחינה עליונה הב' שהם יהיו משפיעים שפע ותענוג עם עבודתם להבורא יתברך ולכל פמליא של מעלה אז אחוי. וזה גם כן כוונת הפסוק <small>(הושע ב, יח)</small> והיה ביום ההוא תקראו אישי ולא תקראו עוד בעלי, כי בעל הוא משפיע ואיש הוא מלשון אדם העובד לא בשביל קבלת השפע מאתו רק שמשועבד לו לעשות רצונו. ועל פי זה יבואר הפסוק הנ""ל וזאת אשר דבר להם אביהם, כי יש אדם שמקבל שפע לפי כח קבלתו ולפי בחינתו ובאמת אין שוה קבלת אדם זה לקבלת אדם אחר, כי קבלת כל אדם לפי הכנתו קבלתו, אך לפעמים נותן הקדוש ברוך הוא אף שלא לפי הכנתו רק לפי רצונו של הקדוש ברוך הוא שהוא למעלה מכח קבלת אדם. והנה כל זה הוא בתחלה אין האדם יכול לקבל רק לפי כח מעשיו בפרט אם עבודתו הוא מבחינות הא' הנ""ל, אך אם עובד בבחינה הב' הנ""ל עובד הבורא רק לעשות ולמלאות רצון הבורא אז יכול לקבל אף לפי רצון עליון. וזהו כוונת הפסוק וזאת, כי בתפלה כשהוא עובד הבורא בבחינה הא' שהוא בחינות עלמא דנוקבא שרוצים להיות מקבלים, אז איש אשר כברכתו ברכם כל אחד לפי מדריגתו וכח קבלתו לזה כח של זאב ולזה כח הארי, ואחר כך כשיעלה על מדריגה הב' שיהיו הם המשפיעים בחינות עלמא דדכורא ברך אותם בכללות שאז יכולים לקבל השפע אף שאינה לפי בחינה שלו רק לפי רצון הבורא וכו'. והנה האדם כשמשיג רצון הבורא כשם שהבורא אין סוף כך רצונו אין סוף ומהרצון יבוא אל האותיות ולבוא אל המדריגה זו הוא מהאמונה מדריגה התחתונה אז יבוא אל השכל. ועל פי זה נראה לא יסור שבט מיהודה, שבט, היינו מלכות. ומחוקק, דהיינו שיבוא על החקיקה. הוא מבין רגליו, הוא האמונה:","And this is what their father spoke to them (Genesis 49:28). It can be explained according to the verse (Psalms 45:10) ""Standing at your right hand in the splendor of Ophir,"" and our sages, of blessed memory, said (Rosh Hashanah 4) that it is in reward for the Torah being beloved to Israel, etc. And it is difficult to understand why it is specifically for this reward, for they also cherish other desires. But the matter is that when a person falls into the thought of some desire, whether it be the desire for intimacy or other physical desires, he should elevate his thought to realize that this thing was created by the Holy One, blessed be He, and everything that He created, etc., and this is the purpose of the matter and its essence. Every matter has a purpose and essence that is greater than the matter itself. If so, why should one desire something small, transient, and perishable? Is it not better for me to work and be a servant of the Blessed Creator and to love Him, who is the purpose of all things? Moreover, even if I desire and attain some pleasure, I will only achieve one pleasure at that moment, and at another time, another pleasure. However, when I serve the Blessed Creator with that enthusiasm, I can attain all pleasures in one moment. In this way, a person can subdue his inclination and rise from lowly levels to high levels. And behold, even though this way is good, it is still not the essence of serving the Creator in this aspect, for he is still like one who serves himself because he has pleasure and joy in his service. But the essence of serving the Creator is to give pleasure to the Creator, that the Creator should receive delight from him and from his deeds and enjoy himself with joy like a father with a wise son, as the verse says (Proverbs 23:15) ""My son, if..."" the Lord will rejoice in His works (Psalms 104:31). And behold, the desires of this world give a person pleasure, and the person receives, and indeed all the desires of this world are tools and perishable. In what way is the desire for intimacy different? It is the opposite: the man is the giver, and the woman is the receiver, and he has pleasure from what he gives, even though he gives to another. This is the intention of the Gemara regarding the reward for the Torah being beloved to Israel like intimacy to the nations of the world, that the giver has pleasure from what he gives; thus, the Torah and the service of the Creator are beloved to Israel, whose main service is in the aspect of giving, which brings joy and pleasure to the Blessed Creator. This is the explanation of the Gemara in Tractate Shabbat, Chapter Tolin, where Rav Chisda said that his daughter holds a pearl in one hand, etc., meaning that the Holy One, blessed be He, is called Rav Chisda, telling the upper worlds that they are all His daughters, and they assist a person in his service to the Blessed Name, as it is said, ""He who comes to purify is assisted."" And behold, the first way we mentioned is that assistance comes to a person quickly. But the second way is that it comes to a person with difficulty after great toil. And a woman has two aspects: the breasts are the givers, and the womb is the receiver. This is what the Holy One, blessed be He, said to the upper worlds, ""Pearl, show,"" meaning that initially, you should help a person to be a receiver of abundance and pleasure like the breasts that give in the first way mentioned above. And when they cause him to suffer, they should toil to attain the higher aspect, that they will be the givers of abundance and pleasure with their service to the Blessed Creator and to all the heavenly entourage, then show. This is also the intention of the verse (Hosea 2:18) ""And it shall be on that day that you will call me 'my husband' and you will no longer call me 'my master,'"" for a master is a giver, and a husband is from the language of a person who serves not for the reception of abundance from Him, but rather is enslaved to do His will. According to this, the above verse can be explained: ""And this is what their father spoke to them,"" for there is a person who receives abundance according to his capacity to receive and according to his aspect, and indeed the reception of this person is not equal to the reception of another person, for the reception of every person is according to his preparation to receive. However, sometimes the Holy One, blessed be He, gives even not according to his preparation, but according to the will of the Holy One, blessed be He, which is above the capacity of a person to receive. And behold, all this is at first; a person cannot receive except according to the strength of his deeds, especially if his service is from the first aspects mentioned above. But if he serves in the second aspect mentioned above, serving the Creator only to do and fulfill the will of the Creator, then he can receive even according to the higher will. And this is the intention of the verse ""And this,"" for in prayer, when he serves the Creator in the first aspect, which is the aspect of the world of Nukva, wanting to be receivers, then a man, according to his blessing, blesses each one according to his level and capacity to receive, to this one the strength of a wolf, and to that one the strength of a lion. And afterwards, when he rises to the second level, that they will be the givers, the aspects of the world of Zohar, he blesses them in general, for then they can receive abundance even if it is not according to their aspect, but according to the will of the Creator, etc. And behold, when a person attains the will of the Creator, just as the Creator is infinite, so too is His will infinite, and from the will, he will come to the letters and to reach this level, which is from faith, the lowest level, then he will come to the intellect. According to this, it is seen that the scepter shall not depart from Judah, scepter, meaning kingship. And a lawgiver, meaning that he will come to the legislation. He understands with his feet, which is faith.","The passage discusses the nature of human desire and the ultimate purpose of serving God, emphasizing that true fulfillment comes from serving the Creator rather than pursuing transient pleasures. It contrasts the superficial enjoyment derived from worldly desires with the profound joy of being a giver in one's relationship with God, akin to a father-son dynamic. The text highlights that while initial service may be motivated by personal enjoyment, the highest form of worship is to act solely for God's pleasure, allowing one to receive divine blessings beyond their own capacity. Ultimately, it illustrates the transformative journey from being a receiver to becoming a giver in spiritual service, aligning oneself with God's infinite will.","תורה  
בורא  
תכלית  
עבדות  
תענוג  
שפע  
בחינה  
מלכות  
אמונה  
חסד"
Kedushat Levi,Vayechi,183,1115,"וזהו גם הרמז במדרש <small>(בראשית רבה כ)</small> גדולה פרנסה מן הגאולה שהגאולה על ידי מלאך ופרנסה על ידי הקדוש ברוך הוא גאולה על ידי מלאך שנאמר <small>(בראשית מח, טז)</small> המלאך הגואל אותי, ופרנסה על ידי הקדוש ברוך הוא שנאמר פותח את ידך <small>(תהלים קמה, טז)</small> פירוש, כי מלאך הוא מעלמא דנוקבא כמו שכתוב הנה אנכי שולח מלאך לפניך, ופרנסה מעלמא דדכורא. וזהו פירוש אז הייתי בעיניו כמוצאת שלום <small>(שיר השירים ח, י)</small> ככלה שנמצאת צנועה בבית חמיה משבחין אותה בבית אביה <small>(פסחים פז.)</small> והענין, כשעובד בבחינה א' הוא מעלמא דנוקבא נקרא כלה בבית חמיה, אכן כשהוא מן העובדים כדי שהבורא ברוך הוא יקבל תענוג כבחינה הב' אז משבחין אותה בבית אביה, היינו העולמות העליונים הם בבחינות נוקבא כדלעיל אמר רב חסדא לבנתיה. ויובן גם כן מה שכתוב במדרש הנ""ל הקיש הכתוב גאולה לפרנסה ופרנסה לגאולה מה גאולה בכפליים אף כו', הענין שכתוב בראשית חכמה שאדם בחטאו מקנה חלק רע בנפשו לפי בחינת החטא ואבר שחטא, כי כמו שיש רמ""ח אברים ושס""ה גידים גשמיים כן יש בנפש הרוחניות תרי""ג מצות. ולזה נקרא חלל בנפש, כי האבר ההוא נעשה חלל בחלק הקדושה ומקנה בחיצונים עד שיתמרק הנפש בגיהנם אם לא עשה תשובה, והיינו קשר כפול בעולם הזה ובעולם הבא וזה בא מחמת חלק הטומאה שמקנה בנפשו חלילה ועל זה נאמר <small>(דברים לב, יח)</small> צור ילדך תשי. נמצא לזה צריך גאולה בכפליים וזהו <small>(שם ל, ג)</small> ושב ה' אלקיך כו' ושב וקבצך מכל העמים אשר הפיצך ה' אלהיך שמה, פירוש שמחמת רחמנות הבורא יתברך ישיב תחלה את שבותך ואחר כך ישוב מה שהפיץ כביכול מהקדושה להחיצונים והיינו ה' אלהיך שמה. נמצא צריך הגאולה בכפליים כך פרנסה בכפליים שהקדוש ברוך הוא משפיע להעולמות והקדוש ברוך הוא מקבל מהם תענוג ודו""ק:","And this is also the hint in the Midrash (Genesis Rabbah 20) that sustenance is greater than redemption, for redemption is through an angel and sustenance is through the Holy One, blessed be He. Redemption is through an angel, as it is said (Genesis 48:16) ""the angel who redeems me,"" and sustenance is through the Holy One, blessed be He, as it is said ""You open Your hand"" (Psalms 145:16). The explanation is that an angel is from the world of the feminine, as it is written ""Behold, I send an angel before you,"" and sustenance is from the world of the masculine. And this is the explanation of ""Then I was in his eyes as one who finds peace"" (Song of Songs 8:10) like a bride who is modest in her father-in-law's house, they praise her in her father's house (Pesachim 87). The matter is that when one works in the first aspect, he is from the world of the feminine, called a bride in her father-in-law's house; however, when he works so that the Creator, blessed be He, receives pleasure, as in the second aspect, then they praise her in her father's house, meaning the upper worlds are in the aspects of the feminine, as mentioned above. Rav Chisda said to his daughter. 

And it can also be understood from what is written in the aforementioned Midrash, the verse compares redemption to sustenance and sustenance to redemption; just as redemption is doubled, so too. The matter is written in the beginning of wisdom that a person, through his sin, acquires a bad part in his soul according to the aspect of the sin and the limb that sinned, for just as there are 248 physical limbs and 365 physical sinews, so there are in the spiritual soul 613 commandments. And therefore, it is called a hollow in the soul, for that limb becomes hollow in the part of holiness and acquires from the external forces until the soul is purified in Gehenna if he did not repent. And this is a double connection in this world and the next, and this comes because of the part of impurity that he acquires in his soul, heaven forbid. And on this it is said (Deuteronomy 32:18) ""You neglected the Rock who bore you."" 

It follows that he needs redemption doubly, and this is (Deuteronomy 30:3) ""And the Lord your God will return you,"" meaning that out of the Creator's mercy, blessed be He, He will first return your captivity, and afterward He will return what He scattered, as it were, from the holiness to the externals, and this is ""the Lord your God will be there."" It follows that redemption needs to be doubled, so too sustenance needs to be doubled, for the Holy One, blessed be He, influences the worlds, and the Holy One, blessed be He, receives pleasure from them, and be precise.","The passage discusses the relationship between redemption (geulah) and sustenance (parnassah), emphasizing that redemption is mediated by an angel while sustenance is provided directly by God. It highlights the dual nature of spiritual and physical realms, where the soul's sins create a void that necessitates a double redemption. The text also illustrates that God's compassion leads to a restoration of both the soul and its connection to holiness, indicating that both redemption and sustenance require a profound, reciprocal relationship between the divine and the individual.","גאולה  
פרנסה  
מלאך  
קדוש ברוך הוא  
עולמות  
נוקבא  
דכורא  
תשובה  
חלק הקדושה  
טומאה"
Kedushat Levi,Vayechi,184,1116,"ויאמר אליהם יוסף אל תיראו כי התחת אלהים אני (בראישת נ, יט). ואונקלוס תרגם ארי דחלא דה' אנא. והנה לפירוש הפשוט בפסוק אין להבין התרגום. ונראה, כי הכלל האדם בכל מדותיו צריך להדבק עצמו להבורא ברוך הוא במדת היראה, לירא את ה' הנכבד והנורא. במדת אהבה, לאהוב את ה' הגדול. במדת התפארת, שיקוים בנו ישראל אשר בך אתפאר <small>(ישעיה מט, ג)</small> וכן בשאר המדות וזה הוא עולם האמת. ואם תבין זה, תבין מאמר חכמינו ז""ל <small>(מגילה יח.)</small> מנין שהקדוש ברוך הוא קרא ליעקב אל, וגם מאמר חכמינו ז""ל <small>(בבא בתרא עה:)</small> מה הקדוש ברוך הוא בונה עולמות אף הצדיקים, וגם מאמר חכמינו ז""ל <small>(שם)</small> עתידין צדיקים שיקראו בשמו של הקדוש ברוך הוא, וגם מאמר חכמינו ז""ל עתידין מלאכי השרת לומר לפני הצדיקים קדוש. והנה אם האדם דבוק בכל המדות להבורא יתברך אז הוא אינו תחת אלהים אדרבה הוא דבוק בה', ואם חס ושלום אינו מדבק עצמו בהמדות כנ""ל אז הוא תחת אלהים. וזהו הרמז מה שתרגם אונקלוס כי יוסף אמר התחת אלהים אני, וכי אני תחת אלהים, אדרבה אני דבוק בה'. וזהו שתרגם אונקלוס על זה ארי דחלא דה' אנא, אני דבוק בכל המדות להבורא יתברך:","And Joseph said to them, ""Do not be afraid, for am I in the place of God?"" (Genesis 50:19). And Onkelos translated, ""For I am under the Lord."" Now, according to the simple interpretation of the verse, the translation cannot be understood. It seems that the principle is that a person, in all his attributes, must attach himself to the Blessed Creator with the attribute of fear, to fear the honored and awesome Lord. With the attribute of love, to love the great Lord. With the attribute of glory, that it should be fulfilled in us, Israel, ""I will be glorified in you"" (Isaiah 49:3), and likewise with the other attributes, and this is the world of truth. If you understand this, you will understand the saying of our sages, may their memory be blessed (Megillah 18), from where do we know that the Holy One, Blessed be He, called Jacob ""God,"" and also the saying of our sages, may their memory be blessed (Baba Batra 76a), that just as the Holy One, Blessed be He, builds worlds, so do the righteous, and also the saying of our sages, may their memory be blessed, that the righteous will be called by the name of the Holy One, Blessed be He, and also the saying of our sages, may their memory be blessed, that the ministering angels will say ""Holy"" before the righteous. And behold, if a person is attached to all the attributes to the Blessed Creator, then he is not under God; rather, he is attached to the Lord. And if, God forbid, he does not attach himself to the aforementioned attributes, then he is under God. And this is the hint in what Onkelos translated, for Joseph said, ""Am I under God?"" And indeed, I am not under God; rather, I am attached to the Lord. And this is what Onkelos translated regarding this, ""For I am under the Lord,"" I am attached to all the attributes to the Blessed Creator.","In this passage, the author emphasizes the importance of connecting to God through various attributes such as fear, love, and glory, which reflect a person's relationship with the Divine. The translation by Onkelos highlights that Joseph, rather than being under God's authority, is deeply connected to Him, embodying the qualities that align one with the Creator. The text suggests that true adherence to these attributes elevates a person, allowing them to transcend mere subservience to God and instead become a vessel of His presence. Ultimately, the passage conveys that a person's spiritual state is determined by their attachment to these divine qualities.","יראה  
אהבה  
תפארת  
הבורא  
קדוש ברוך הוא  
עולמות  
צדיקים  
מלאכי השרת  
דבקות  
מדות"
Kedushat Levi,Vayechi,185,1117,"ובהפטורה ובירושלים מלך שלשים ושלש שנים. <small>(מלכים א' ב, יא)</small> כי ידוע מאמר זוהר הקדוש דוד לא קיבל מלכותו שלימתא עד דאתחבר באבהן. ויבואר על פי מאמר זוהר הקדוש בפרשת וישלח דף קס""ח דיוסף הניח לדוד שבעה ושלשים שנה ויתר השנים קיבל מאבות מאברהם ויעקב נמצא מלך על כל ישראל מן הימים אשר קיבל מהאבות אברהם ויעקב היינו ל""ג שנים:","And in the Haftorah, in Jerusalem, he reigned for thirty-three years. (1 Kings 2:11) For it is known from the words of the holy Zohar that David did not receive his complete kingship until he was connected with his ancestors. And it is explained according to the words of the holy Zohar in the portion of Vayishlach, page 168, that Joseph left David thirty-seven years, and the remaining years he received from the patriarchs, from Abraham and Jacob. Thus, he was king over all Israel from the days he received from the patriarchs, Abraham and Jacob, which amounts to thirty-three years.","The passage discusses the concept that King David did not fully receive his kingship until he was connected to the patriarchs, Abraham and Jacob. According to the Zohar, David's reign was influenced by the spiritual legacy of these ancestors, with 33 years of his kingship being directly linked to their merit. This highlights the Hasidic belief in the importance of spiritual lineage and the transmission of divine authority through generations. Ultimately, it emphasizes the interconnectedness of leadership and the foundational role of the patriarchs in the history of Israel.","מלכות  
זוהר  
קדוש  
אבהן  
יוסף  
אברהם  
יעקב  
שנים  
ל""ג  
ישראל"
Kedushat Levi,Vayechi,186,1118,סליק ספר בראשית,The Book of Genesis has concluded.,"The passage from Sefer Divrey Yoel emphasizes the profound connection between the creation narrative in Bereshit and the ongoing relationship between God and humanity. It highlights the idea that the world is a reflection of divine will, where every aspect of creation serves a purpose in the spiritual journey of individuals. The text underscores the importance of faith and devotion in recognizing God's presence in the world, suggesting that true understanding comes from a heartfelt connection to the divine. Ultimately, it conveys the Hasidic belief that through spiritual awareness and action, one can elevate the mundane to the sacred.","סליק  
ספר  
בראשית  
אור  
ספירות  
אצילות  
תיקון  
נשמה  
חסידות  
קבלה"
